code,url,media,country,language,title,text,word_count,keywords,diseases
code1000,https://www.alsumaria.tv/news/localnews/489754/%D9%86%D9%81%D9%88%D9%82-%D8%B9%D8%AF%D8%AF-%D9%85%D9%86-%D8%A7%D9%84%D8%B7%D9%8A%D9%88%D8%B1-%D9%81%D9%8A-%D8%AA%D9%83%D8%B1%D9%8A%D8%AA-%D8%A3%D9%88%D9%84-%D8%AA%D8%B9%D9%84%D9%8A%D9%82-%D9%84%D9%84%D8%B5%D8%AD%D8%A9#google_vignette,www.alsumaria.tv,Unknown,ar,نفوق عدد من الطيور في تكريت.. أول تعليق للصحة,"وقال مدير قسم الصحة العامة في حديث لـ ، ""وصلت معلومات أولية عن نفوق عدد من الطيور في منطقة غرب مدينة بمناطق شبه خالية من السكان"".

وأضاف أن ""يوم غد ستخرج فرقة من شعبة الرقابة الصحية ودائرة البيطرة برفقة القوات الأمنية لمكان نفوق الطيور للكشف الميداني والتأكد من الإصابة"".

وكانت معلومات أولية غير مؤكدة اشارت إلى نفوق عدد من الطيور بسبب مرض انفلونزا الطيور في تكريت.",66,,
code1001,https://www.libyaakhbar.com/libya-news/2385133.html,,,,,,0,,
code1002,https://www.wattagnet.com/broilers-turkeys/diseases-health/article/15673475/newcastle-disease-appears-in-swedish-layer-flock,www.wattagnet.com,Unknown,en,Newcastle disease appears in Swedish layer flock,"The presence of Newcastle disease has been confirmed in a commercial egg laying flock in Helsingborg, Sweden.

The World Organisation for Animal Health (WOAH) reported that decreased egg production and abnormal eggs were noticed at the affected farm, although no other clinical signs were observed. Testing was conducted at the National Veterinary Institute, with those tests proving positive for Newcastle disease.

The affected flock included 231,438 birds, and of those, 57,787 were described as positive cases.

A 3-kilometer protection zone and a 10-kilometer surveillance zone have been established. Other protective measures that are being applied include stamping out, movement control, traceability, surveillance, disinfection of the premises, destruction of animal products and disposal of carcasses, by-products and waste.

Sweden had been free of Newcastle disease since February 2023, WOAH reported.",129,the;of;and;newcastle;disease;been;a;were;in;egg,
code1003,https://www.elwatannews.com/news/details/7358371,www.elwatannews.com,Unknown,ar,بيطري الشرقية يحصن 662 ألف رأس ماشية ضد الحمى القلاعية والوادي المتصدع - الوطن,"بيطري الشرقية يحصن 662 ألف رأس ماشية ضد الحمى القلاعية والوادي المتصدع

نجحت مديرية الطب البيطري بالشرقية، في تحصين 662 ألف رأس ماشية ضد الحمى القلاعية والوادي المتصدع.

وقال اللواء الدكتور إبراهيم محمد متولي وكيل الوزارة، مدير مديرية الطب البيطري بالشرقية، إنه في إطار الحملة القومية الأولى للتحصين ضد مرض الحمى القلاعية وحمى الوادي المتصدع، نجحت المديرية عن طريق (180) لجنة، في تحصين (662 ألف و348) رأس ماشية ما بين تحصين (338 ألف و 987) رأس ماشـية للوقاية من مرض الحمى القلاعية و (323 ألف و 361) رأس ماشية للوقاية من مرض حمى الوادي المتصدع ، فضلاً عن ترقيم وتسجيل (12380) رأس ماشية، خلال الأسبوع التاسع من انطلاق الحملة.

زيارات ميدانية للقرى بجميع مراكز و مدن المحافظة

وأشار مدير مديرية الطب البيطري بالشرقية، إلى أن مديرية الطب البيطري نفذت زيارات ميدانية للقرى بجميع مراكز ومدن المحافظة للتوعية الإرشادية عن أهمية التحصين ضد مرضي الحمى القلاعية والوادي المتصدع، وجرى عقد (4469) ندوة و جولة إرشادية وتسيير سيارات إرشادية متنقلة بين القرى لتعريف المربين بالمرضين وأعراضهما ، ومدى خطورتهما على الثروة الحيوانية وأهمية التحصين بصورة دورية لتجنب إصابة الحيوانات بالمرضين وتقليل الخسائر الناتجة.

إقبال المواطنين على الحملة

ولفت مدير مديرية الطب البيطري إلى أن لجان التحصين باشرت عملها في المقار المعدة لها أو بالانتقال إلى المربين بمنازلهم للتحصين وترقيم الحيوانات، مشيدا بإقبال المواطنين على الحملة.",213,,
code1004,https://www.leparisien.fr/societe/sante/grippe-aviaire-h5n1-un-troisieme-cas-humain-aux-etats-unis-lie-a-une-epidemie-chez-les-vaches-30-05-2024-3FSJBEOOUVGGNITFBEN4OTZ3I4.php,www.leparisien.fr,France,fr,Grippe aviaire H5N1 : un troisième cas humain aux États-Unis lié à une épidémie chez les vaches,"Comme pour les deux premiers cas, la personne travaillait dans une ferme et était exposée à des vaches infectées. Elle ne portait pas d’équipement de protection.

Une troisième personne a été infectée par la grippe aviaire aux États-Unis en lien avec une épidémie de ce virus chez les vaches, ont annoncé jeudi les autorités sanitaires américaines, en soulignant que le risque pour la population américaine restait toutefois « faible ».

Comme pour les deux premiers cas, cette personne travaille dans une ferme et était dans ce cadre exposée à des vaches infectées, ont déclaré les Centres de prévention et de lutte contre les maladies (CDC).

Mais alors que les deux premiers patients avaient seulement présenté des symptômes bénins aux yeux, cette troisième personne a, elle, en plus rapporté des symptômes « plus typiques » d’une maladie respiratoire, dont de la toux (sans fièvre), ont-ils détaillé.

À voir aussi

Cette personne a été soignée avec un médicament antiviral (oséltamivir), s’est isolée chez elle, et « ses symptômes sont en voie d’amélioration », ont ajouté les CDC, précisant que ses proches ne présentaient pas de symptômes.

Au moins neuf États américains

Compte tenu de la propagation du virus dans de nombreux troupeaux de vaches dans au moins neuf États américains, la découverte de ce nouveau cas n’est « pas surprenante », tout comme le serait celle de cas supplémentaires à l’avenir, selon les CDC.

Une première infection au Texas, dans le sud des États-Unis, avait été annoncée le 1er avril. Il s’agissait alors du premier cas connu mondialement de grippe aviaire chez un humain via une vache.

Un deuxième cas a été rapporté dans le Michigan (nord) la semaine dernière, avec des symptômes aux yeux développés « après un jet de lait dans les yeux », selon Natasha Bagdasarian, responsable sanitaire pour l’État.

Le troisième cas se trouve aussi dans le Michigan, mais il s’agit d’un employé d’une exploitation différente. Aucun de ces deux employés ne portait d’équipement de protection.

La priorité est aujourd’hui d’éviter au maximum davantage d’infections chez les employés de fermes, ont écrit les CDC, soulignant avoir demandé aux États américains de leur fournir de tels équipements.

Le risque d’une mutation

Les experts s’inquiètent du nombre croissant de mammifères infectés par la maladie. Ils craignent qu’une forte circulation ne facilite une mutation du virus qui lui permettrait de passer d’un humain à un autre.

« Il n’y a pas d’indication de transmission de personne à personne du virus » de la grippe A H5N1 « à l’heure qu’il est », ont souligné les CDC.

Aucun signe « inhabituel » concernant la grippe chez les humains n’a en outre été détecté, par exemple une hausse des visites aux urgences, ont-ils ajouté.

Ils ont indiqué que « des analyses génétiques supplémentaires » seraient réalisées pour détecter tout possible changement du virus qui « pourrait modifier l’évaluation du risque ».",478,de;les;une;la;d;dans;des;ont;le;cas,
code1005,https://www.masrawy.com/news/news_egypt/details/2024/5/31/2590869/%D8%B1%D8%B3%D9%85%D9%8A%D8%A7-%D9%85%D8%B5%D8%B1-%D8%AE%D8%A7%D9%84%D9%8A%D8%A9-%D9%85%D9%86-%D9%85%D8%B1%D8%B6-%D8%B7%D8%A7%D8%B9%D9%88%D9%86-%D8%A7%D9%84%D8%AE%D9%8A%D9%84-%D8%A7%D9%84%D8%A5%D9%81%D8%B1%D9%8A%D9%82%D9%8A,www.masrawy.com,Morocco,ar,رسميا.. مصر خالية من مرض طاعون الخيل الإفريقي,"القاهرة - أ ش أ

أكد السيد القصير وزير الزراعة واستصلاح الأراضي، أن المنظمة العالمية لصحة الحيوان أعلنت اليوم رسميا خلو مصر من مرض طاعون الخيل الإفريقي، وذلك ضمن فعاليات الدورة الحادية والتسعين للجمعية العامة لأعضاء المنظمة العالمية لصحة الحيوان وبإجماع الآراء بالتصويت على الملف الفني المقدم من الهيئة العامة للخدمات البيطرية لإثبات خلو البلاد من المرض.

وقال وزير الزراعة له، الجمعة، إن هذا الإعلان يأتي تتويجا لجهود الوزارة التي تستهدف دعم وتنمية الثروة الحيوانية في مرحلة الجمهورية الجديدة، ودعم دور مصر الريادي على المستويين الإقليمي والدولي.

وأضاف أنه بهذا الإعلان تمضي مصر بخطىً ثابتة نحو التقدم والتطور المبني على الأسس العلمية وعودة دورها الريادي والتاريخي على المستوى العالمي؛ الأمر الذي يبرهن على مدى كفاءة القدرات الفنية والبنى التحتية وجودة الخدمة البيطرية المقدمة على مستوى الجمهورية، وبخاصة تنفيذ خطط الإنذار المبكر والمسوحات الوبائية التي تمتثل للمتطلبات القياسية العالمية الواردة بدستور صحة الحيوان الصادر عن المنظمة العالمية لصحة الحيوان، فضلا عن القدرات التشخصية المعملية التي يقدمها معهد بحوث الصحة الحيوانية الداعم لمنظومة الخدمات البيطرية.

وأوضح القصير أن هذا الإعلان يأتي في ضوء تنفيذ استراتيجية مصر نحو وصولها إلى آفاق جديدة بدعم تصدير الخيول المصرية وخاصة الخيول العربية الأصيلة المصرية؛ التي تعد من أنقى سلالات الخيول المنسبة على مستوى العالم؛ الأمر الذي سيدعم اقتصاد الدولة وتقدمها الملموس في هذا المجل.

ووجه الوزير الشكر لكل القائمين على هذا الملف والذين كانوا وراء هذا الإنجاز الكبير من هيئة الخدمات البيطرية ومعهد صحة الحيوان والهيئات المعاونة.

في ذات السياق، تقدم رئيس الهيئة العامة للخدمات البيطرية الدكتور ممتاز شاهين بخالص التهنئة إلى وزير الزراعة ونائبه المهندس مصطفى الصياد على هذا الإنجاز الكبير الذي حققته مصر على المستوى العالمي.

وأضاف أن الهيئة العامة للخدمات البيطرية ومعهد بحوث الصحة الحيوانية لا يدخران جهدا نحو تنفيذ مهامهما التي تتلخص في تنمية الثروة الحيوانية وحمايتها من الأمراض المعدية والوبائية.

وأعرب شاهين عن فخره بإعلان خلو مصر من المرض الرابع للفصيلة الخيلية المؤثر على حركة تصدير الخيول ومشاركتها في الأحداث والفعاليات الرياضية الدولية، وذلك عقب الإعلان خلال عامي 2021 و2022 عن خلو البلاد من ثلاثة أمراض أخرى هي: الرعام والزهري وأنيميا الخيول المعدي.",332,,
code1006,https://www.nbclosangeles.com/news/health-wellness/la-county-west-nile-virus-mosquito/3426391/,www.nbclosangeles.com,Unknown,en,LA County confirms first positive West Nile virus mosquito sample of 2024 – NBC Los Angeles,"A West Nile virus mosquito sample has been confirmed in Los Angeles County, officials said Saturday.

The sample, collected from a mosquito trap in the Winnetka area of the San Fernando Valley, is the first positive sample in Los Angeles County this year.

Stream Los Angeles News for free, 24/7, wherever you are. WATCH HERE WATCH HERE

“While the presence of West Nile Virus in our community is not unusual, this early detection serves as a critical reminder for all residents to take preventative actions,'' said Steve Vetrone, director of scientific- technical services for the Greater Los Angeles County Vector Control District. “We urge everyone to protect themselves from mosquito bites and to eliminate standing water around their homes where mosquitoes can breed.”

The native Culex mosquito is capable of transmitting West Nile virus and is most active during dusk and dawn. Because there is no human vaccine for the virus, residents should be proactive against mosquito bites by wearing insect repellent. The U.S. Centers for Disease Control and Prevention recommends products with the active ingredients DEET, Picaridin, IR3535, or Oil of Lemon Eucalyptus.

Most humans who become infected with West Nile Virus generally experience no or mild symptoms, such as fever, muscle aches and fatigue. People over age 50 and those with chronic medical conditions can become more seriously ill, possibly affecting the brain and spinal cord, leading to meningitis, encephalitis or paralysis.

Protect yourself from mosquito bites

Vector control officials offered the following advice to protect yourself from mosquito bites.",252,the;mosquito;and;virus;of;is;for;to;west;nile,fever
code1007,https://www.the-star.co.ke/news/2024-06-01-panic-as-anthrax-kills-6-sheep-dairy-cow-in-nandi/,www.the-star.co.ke,Kenya,en,"Panic as Anthrax kills 6 sheep, dairy cow in Nandi","A veterinary officer injects a cow against anthrax at Burumba dispensary in Matayos subcounty on Wednesday, July 17, 2019.

Panic has hit Kapsabet town in Nandi county after a suspected outbreak of the dreaded Anthrax virus.

Six sheep and a dairy cow died at Kapkisengen village within Kamobo location in Kapsabet division in what has now been confirmed to be as a result of the virus.

“Their carcasses tested positive of Anthrax following laboratory tests at the North Rift veterinary laboratories in Eldoret,” Dr Isaac Keter, who is the director of veterinary services for Nandi Central, said.

He said the affected area has been put on high alert.

“We are going to carry out a ‘ring vaccination’ within Kamobo location on Thursday next week to contain the spread of the deadly virus,” Keter said.

Kamobo chief Benjamin Lulei said they have taken precautions as the shepherd who buried the carcasses and removed the samples has been taken to hospital for vaccination.

The farmer reported to the veterinary department after the animals collapsed and died in their pen days after a dairy cow also died under unclear circumstances.

Lulei said the county government had been notified since the veterinary department is a devolved function.

It carries out vaccination campaign in the area to contain any spread of the virus.

Nandi Livestock Development executive Dr Kiplimo Lagat assured farmers that the county was in the process of procuring the vaccines for the urgent campaign.

Mohammed Mahmoud, a cattle trader in Kapsabet town, expressed fears that if vaccination failed to take place on time, it could result into the closure of weekly cattle auctions in various trading centres.

“It will be a big blow to the fragile economy in the sector, we are kindly appealing to the county government to urgently carry out the vaccination in our area,” Mahmoud said.",307,the;in;a;to;of;said;veterinary;vaccination;on;has,anthrax
code1008,https://www.desmoinesregister.com/story/money/agriculture/2024/06/02/bird-flu-outbreak-infects-103000-turkeys-at-cherokee-county-facility/73950436007/,www.desmoinesregister.com,Unknown,en,Second bird flu outbreak in 6 days infects 103K turkeys at northwest Iowa commercial facility,"The second bird flu outbreak in a week was reported Sunday, with nearly 103,000 turkeys infected in northwest Iowa’s Cherokee County.

The Iowa Department of Agriculture reported Tuesday, May 28 that an egg facility with 4.2 million laying hens was infected with the highly pathogenic avian influenza.

On Sunday, the agency announced that 102,891 turkeys in a commercial operation were infected.

The birds at both facilities will be destroyed to prevent the highly contagious virus from spreading. The disease is fatal to domestic birds, who are believed to be infected by migrating wild birds that often don’t appear sick.

Iowa Governor Kim Reynolds issued a disaster declaration for Cherokee County Sunday. The proclamation allows the Iowa Department of Agriculture and Land Stewardship, Iowa Homeland Security, and other agencies to ""assist with tracking and monitoring, rapid detection, containment, disposal, and disinfection,"" according to a news release.

Spread of bird flu had been dormant in 2024

The recent outbreaks in Iowa are the first since December when a backyard flock was infected. The outbreak also comes after the U.S. Department of Agriculture's March announcement that the virus had moved from poultry to cattle. Bird flu cases were discovered in dairy herds in Texas and Kansas.

The contagious disease has been detected in cows in Colorado, Idaho, Michigan, New Mexico, North Carolina, Ohio and South Dakota. Unlike domestic birds, the infected dairy cows can recover.

The Centers for Disease Control and Prevention said Thursday, May 30 that a third person was diagnosed with bird flu. The person was the first to experience “more typical symptoms of acute respiratory illness associated with influenza virus infection.” Two other workers reported mild eye infections. Each human case worked closely with infected dairy herds.

USDA data shows that since the outbreak began in 2022, Iowa poultry producers have lost 23.3 million birds to the disease. The virus has killed 96.6 million birds nationally, the agency says.

Beef, dairy and poultry are safe to eat, officials say

Eggs, dairy and beef in the United States are still safe to eat, state and federal officials said. Milk from infected cows is diverted from the food supply, the Food and Drug Administration said. The milk pasteurization process, used for the vast majority of milk, “kills harmful bacteria and viruses.”

The state ag department said no dairy herds in Iowa have been infected with highly pathogenic avian influenza. Workers are encouraged to take precautions to limit transmission.

Dairy and poultry producers are required to report any possible cases to state officials.

Donnelle Eller covers agriculture, the environment and energy for the Register. Reach her at deller@registermedia.com or 515-284-8457.",437,the;to;and;in;infected;with;iowa;dairy;a;of,flu
code1009,https://alwasat.ly/news/libya/440842,alwasat.ly,Libya,ar,صور.. نفوق 8 رؤوس إبل في بني وليد,"صور.. نفوق 8 رؤوس إبل في بني وليد

بني وليد - بوابة الوسط: الصغير الحداد

أكد رئيس الشرطة الزراعية فرع بني وليد خالد الغواري نفوق ثماني رؤوس من الإبل لدى عدد من المربين في وادي تماسلة، شمالي المدينة.

وأوضح الغواري في تصريح إلى «بوابة الوسط» أنه جرى التواصل مع بعض الجهات في المدينة ومنها مكتب الزراعة لمتابعة ومعرفة الأسباب المفاجئة للنفوق.

وقال أحد المربين إن النفوق قد يعود لتناول تلك الإبل عشبة مسمومة متواجدة في أحد الأودية، مطالبا الصحة الحيوانية بالبلدية أخذ عينات من الإبل وفحصها بمعامل التحاليل للتأكد من أسباب فقدان هذه الرؤس، قبل أيام من حلول عيد الأضحى المبارك.

أزمة في الأضاحي في ليبيا.. ما قصتها؟

يأتي الحادث في وقت تعاني فيه السوق الليبية من نقص في عدد المواشي والأغنام قبل عيد الأضحى، مع زيادة أسعار الأعلاف، وكذلك موسم الجفاف، وفيضانات درنة التي راح فيها عدد من القطعان، وانتشار مرض الحمى القلاعية، ما أدى إلى نقص المعروض المحلي.

- قفزات قياسية في أسعار المواشي والأغنام قبل عيد الأضحى

وفي وقت سابق، قال مدير إدارة الثروة الحيوانية في الجبل الأخضر صالح بومباركة إن الإدارة تعاني من نقص الأعلاف في حين لم تتلق دعما منذ أربع أو خمس سنوات باستثناء سبعة كيلوغرامات علف للشاة و15 كيلوغراما علف للأبقار والإبل العام الماضي.

إبل نافقة في بني وليد (جهاز الشرطة الزراعية ببني وليد)

إبل نافقة في بني وليد (جهاز الشرطة الزراعية ببني وليد)",221,,
code1010,https://www.lafranceagricole.fr/mhe-maladie-hemorragique-epizootique/article/867930/4-310-foyers-de-maladie-hemorragique-epizootique-en-france,www.lafranceagricole.fr,France,fr,4 310 foyers de maladie hémorragique épizootique en France,"La France compte 4 310 foyers de maladie hémorragique épizootique au 30 mai 2024, selon le bilan hebdomadaire réalisé par le ministère de l’Agriculture. Ces foyers restent concentrés dans le sud-ouest de la France.

Toujours 20 départements touchés

Ces foyers sont situés dans 20 départements : Pyrénées-Atlantiques, Hautes-Pyrénées, Haute-Garonne, Gers, Landes, Ariège, Aude, Tarn, Lot-et-Garonne, Gironde, Tarn-et-Garonne, Dordogne, Corrèze, Vendée, Deux-Sèvres, Loire-Atlantique, Lot, Haute-Vienne, Morbihan et Pyrénées-Orientales.

Des mesures de lutte et de prévention spécifiques s’appliquent dans la zone réglementée. La liste des communes qui y sont intégrées est téléchargeable sur le site internet du ministère de l’Agriculture.",98,de;la;le;et;foyers;dans;pyrénées;garonne;france;ministère,
code1011,https://aawsat.com/home/article/4191416/%D8%A7%D9%84%D8%A8%D8%B1%D8%A7%D8%B2%D9%8A%D9%84-%D8%AA%D8%B9%D9%84%D9%86-%D8%A3%D9%86-%D8%AD%D8%A7%D9%84%D8%A9-%D8%AC%D9%86%D9%88%D9%86-%D8%A7%D9%84%D8%A8%D9%82%D8%B1-%D8%A7%D9%84%D9%85%D9%83%D8%AA%D8%B4%D9%81%D8%A9-%D9%84%D8%AF%D9%8A%D9%87%D8%A7-%C2%AB%D8%BA%D9%8A%D8%B1-%D9%86%D9%85%D8%B7%D9%8A%D8%A9%C2%BB?page=4,aawsat.com,Unknown,ar,ناخبو الإكوادور يرفضون عودة القواعد العسكرية الأميركية للبلاد,"الكاريبي على صفيح ساخن: ترمب في مواجهة مادورو؟

منذ أسابيع، تتحول سواحل البحر الكاريبي إلى ساحة استعراض قوة أميركية غير مسبوقة منذ نهاية الحرب الباردة. فالإدارة الأميركية، بقيادة الرئيس دونالد ترمب، تدفع بتشكيلات بحرية وجوية ضخمة إلى المنطقة، وسط خطاب متقلب يجمع بين التلويح بالحوار مع الرئيس الفنزويلي، نيكولاس مادورو، والتهديد المباشر بإرسال قوات أميركية إلى الأراضي الفنزويلية، أو تنفيذ ضربات في دول مجاورة بحجة مكافحة المخدرات.

هذا المزج بين «العصا والجزرة» يضع فنزويلا والمنطقة برمتها أمام واحد من أكثر السيناريوهات حساسية في تاريخ أميركا اللاتينية الحديث.

الوجود العسكري الأميركي في الكاريبي لم يعد مجرد رمزية ردعية؛ فالتقارير الأميركية تشير إلى وصول نحو 15 ألف جندي، إضافة إلى حاملة طائرات ومدمرات وسفن هجومية وغواصة نووية. ووصول حاملة الطائرات «جيرالد فورد»، أكبر حاملة طائرات في العالم، إلى المياه القريبة من فنزويلا رفع سقف الجاهزية الأميركية لتنفيذ عمليات واسعة، سواء كانت ضربات على أهداف مرتبطة بتهريب المخدرات أو عمليات داخل الأراضي الفنزويلية نفسها.

ترمب يمارس سياسة حافة الهاوية... بحسابات معقّدة (أ.ب)

كما يجري تداول سيناريو إشراك قوات «دلتا فورس» في أي تحرك يستهدف شخصيات قيادية أو مراكز حساسة داخل فنزويلا، وهو ما يعكس مدى جدية التخطيط العسكري. أما تسمية المهمة بـ«الرمح الجنوبي» فهي مؤشر إضافي على اتجاه إدارة ترمب نحو مقاربة أمنية متشددة، باعتبار أن الهدف المعلن للمهمة هو «تنظيف نصف الكرة الغربي من الشبكات النشطة للناركو - إرهاب».

خطاب ترمب بين التهديد والتفاوض

اللافت أن هذا التصعيد العسكري ترافق مع تصريحات متناقضة من ترمب؛ فالرئيس الأميركي أعلن أنه قد يتحدث مع مادورو «في وقت ما»، ملمحاً إلى احتمال وجود قناة خلفية للتواصل. لكنه، وبعد أقل من 24 ساعة، عاد ليقول إنه «لا يستبعد أي خيار»، بما في ذلك إرسال قوات إلى فنزويلا. هذه الازدواجية تمنح واشنطن مرونة تكتيكية، لكنها تخلق غموضاً استراتيجياً يجعل قراءة نواياها أكثر تعقيداً.

ترمب ذهب أبعد من ذلك حين لمّح إلى أنه قد يوافق على شن ضربات داخل المكسيك «لوقف المخدرات»، وأبدى استعداداً «للقضاء على مصانع الكوكايين في كولومبيا». وهو خطاب يخلط بين مكافحة المخدرات ومواجهة أنظمة سياسية غير صديقة، على نحو يذكّر بعقيدة «الأمن القومي» التي حكمت السياسة الأميركية في أميركا اللاتينية خلال القرن العشرين.

لتبرير التصعيد، تركز الإدارة الأميركية على ربط مادورو مباشرةً بكارتلات مخدرات، فقد أعلنت وزارة الخارجية الأميركية نيتها تصنيف «كارتل دي لوس سوليس» منظمةً إرهابية أجنبية، متهمة الرئيس الفنزويلي بقيادة شبكة تهريب دولية. كما تتهم واشنطن مادورو بإرسال «مجرمين وتجار مخدرات» إلى الأراضي الأميركية.

هذا التصنيف ليس مجرد تصعيد لغوي، بل يفتح الباب أمام إجراءات مالية وقانونية تجعل أي مفاوضات لاحقة أكثر تعقيداً. كما يسمح للإدارة بتوسيع هامش استخدام القوة، عبر القول إن الولايات المتحدة في «نزاع مسلح» مع تنظيم إرهابي عابر للحدود.

الرئيس الفنزويلي يلوح بعلم بلاده في كراكاس (أرشيفية - أ.ف.ب)

التداعيات الإقليمية: توتر وشكوك

ردود الفعل الإقليمية تباينت، لكنها عكست حالة قلق عميق. وبعدما عاد عن قراره في وقت لاحق، كان الرئيس الكولومبي غوستافو بيترو قد أوقف تبادل المعلومات الاستخباراتية مع واشنطن احتجاجاً على الضربات الأميركية التي استهدفت زوارق في البحر الكاريبي والمحيط الهادئ، وأسفرت عن سقوط عشرات القتلى من دون أدلة واضحة على صلتهم بعمليات تهريب.

أما جمهورية الدومينيكان فقد أجّلت «قمة الأميركيتين» بعد انسحاب ترمب، مؤكدة أن «الانقسامات العميقة» تجعل الحوار الإقليمي مستحيلاً في الوقت الراهن. هذا التوتر يهدد بإعادة إحياء ذكريات التدخلات الأميركية السابقة في المنطقة، ويثير تخوفات من صدام سياسي قبل أن يكون عسكرياً.

في الجهة المقابلة، حاول مادورو تقديم نفسه زعيماً منفتحاً على الحوار. فقد قال إنه مستعد للقاء ترمب «وجهاً لوجه، من دون أي مشكلة»، لكنه في الوقت نفسه يشدد على أن أي اعتداء على الأراضي الفنزويلية سيُواجَه «على كل الجبهات». ويعرف الرئيس الفنزويلي أن جزءاً من صموده السياسي يعتمد على إظهار أن بلاده تواجه «عدواناً خارجياً»، وهو خطاب يجيد توظيفه داخلياً.

مقاتلة أميركية طراز «إف إيه 18» تحلق فوق مدمرتين في المحيط الأطلسي (أرشيفية - أ.ف.ب)

غير أن المعارضة الفنزويلية، التي تعاني انقسامات داخلية كبيرة، تبدو أقل قدرة على استثمار هذا الوضع. صحيح أن قيادتها التاريخية، مثل ماريا كورينا ماتشادو، تطرح رؤى لمستقبل ما بعد مادورو، لكن ذلك لا يترجم حالياً إلى قدرة على تغيير موازين القوى.

في واشنطن، تتعمق الانقسامات حول الطريقة المثلى للتعامل مع فنزويلا؛ فبينما يرى المتشددون أن إسقاط مادورو سيُسقط بتداعياته نفوذ الصين وروسيا وإيران في أميركا اللاتينية، يحذّر آخرون من أن أي تدخل مباشر قد يتحول إلى مستنقع شبيه بما حدث في العراق وليبيا وأفغانستان. ويطالب بعض الخبراء بعرض «صفقة خروج» على مادورو، تمنحه ضمانات مقابل مغادرة البلاد.

لكن المؤكد أن إدارة ترمب تحاول بناء شرعية داخلية لفكرة التدخل عبر ربط الملف الفنزويلي بمسألة الأمن القومي الأميركي ومكافحة المخدرات والهجرة غير الشرعية. وهذا الربط يمنح الرئيس دعماً وسط شرائح واسعة من الناخبين، خصوصاً في ولايات جنوبية اعتادت ربط الجريمة المنظمة بتدفقات المهاجرين القادمين من الحدود الجنوبية.

سياسة حافة الهاوية... بحسابات معقّدة

يرى البعض أن الرئيس الأميركي يمارس حالياً سياسة «حافة الهاوية»: يزيد الضغط العسكري والسياسي والاقتصادي على كاراكاس، لكنه في الوقت ذاته يترك نافذة مفتوحة للحوار. والمفارقة أن هذا الأسلوب قد يدفع مادورو إما للانخراط في مفاوضات حقيقية، وإما للذهاب نحو مزيد من التشدد الذي يبرر تدخلاً مباشراً. وبين هذين الخيارين، يظل الكاريبي منطقة قابلة للاشتعال في أي لحظة. وفي ظل هذا التعقيد، لا يبدو أن المشهد سيتجه إلى التهدئة قريباً. فالعرض الأميركي يتلخص في معادلة بسيطة: حوار مشروط، أو ضغط تصاعدي قد ينتهي بصدام عسكري. ومادورو يعلم أن خيار الرحيل بات مطروحاً بجدية غير مسبوقة. أما شعوب المنطقة فتراقب بقلق ما إذا كانت فنزويلا ستصبح ساحة مواجهة جديدة بين الولايات المتحدة وخصومها الدوليين، أو محطة ولادة مسار سياسي ينزع فتيل الانفجار.",875,,
code1012,https://www.cbsnews.com/sanfrancisco/news/two-chickens-tested-positive-for-bird-flu-at-san-francisco-live-bird-market/,www.cbsnews.com,Unknown,en,Two chickens test positive for bird flu at San Francisco live bird market,"Health officials said Monday that the H5N1 avian flu was detected last month in two asymptomatic chickens at a live bird market in San Francisco, but there is no sign that the public has been exposed.

The bird flu virus was found as part of routine tests at live bird markets around the state by the California Department of Food and Agriculture.

Market employees who had been in close contact with the birds were monitored and didn't report any symptoms after a 10-day period, said San Francisco Director of Health Dr. Grant Colfax in a report that appears on Tuesday's health commission agenda.

No members of the public were exposed and the market has since reopened.

""At this time, there are no reported human cases of H5N1 and H5N1 remains a low risk to the general public,"" the department said in a statement on Monday.

After the virus was detected in chickens, WastewaterSCAN, a national collaborative that monitors infectious diseases in municipal wastewater systems, found fragments of H5N1 genetic material in the city's wastewater. Another test found no fragments, and the health department is investigating to learn more about interpreting the findings..

""It is possible that the H5N1 fragments detected in wastewater originated from birds or other animals due to San Francisco's unique combined sewer system that collects and treats both wastewater and stormwater in the same network of pipes,"" according to the report from the health department.

San Francisco is the only city in California thus far with a positive H5N1 detection.

The Centers for Disease Control is closely monitoring avian influenza H5N1, including recent outbreaks in dairy cattle and a single instance to date of spread from cattle to a dairy worker in Texas reported on April 1, 2024.

The public should avoid touching all wild animals, including sick or dead birds, and to continue taking protective measures such as only consuming milk or dairy products that have been pasteurized.

""There is currently no evidence that the H5N1 virus is spreading person to person, but that is what the CDC is closely watching and working to prevent,"" according to the health department. ""At this time, it appears that the potential for avian flu to spark an outbreak in people remains low.""",373,the;in;to;that;and;a;is;h;n;of,avian flu;flu
code1013,https://m.jawharafm.net/ar/article/%D8%A3%D8%B3%D8%AA%D8%B1%D8%A7%D9%84%D9%8A%D8%A7-%D8%A7%D9%83%D8%AA%D8%B4%D8%A7%D9%81-%D8%B3%D9%84%D8%A7%D9%84%D8%A9-%D8%B4%D8%AF%D9%8A%D8%AF%D8%A9-%D8%A7%D9%84%D8%B9%D8%AF%D9%88%D9%89-%D9%85%D9%86-%D9%81%D9%8A%D8%B1%D9%88%D8%B3-%D8%A5%D9%86%D9%81%D9%84%D9%88%D9%86%D8%B2%D8%A7-%D8%A7%D9%84%D8%B7%D9%8A%D9%88%D8%B1/106/259018,,,,,,0,,
code1014,https://www.alayyam.info/news/9U2YYSKF-WXCLNP-F182,,,,,,0,,
code1015,https://thehorse.com/1128215/2-quebec-horses-test-positive-for-ehv/,,,,,,0,,
code1016,https://www.hespress.com/%D8%A7%D9%84%D8%BA%D9%85%D9%88%D8%B6-%D9%8A%D9%84%D9%81-%D9%86%D9%81%D9%88%D9%82-%D8%A3%D8%BA%D9%86%D8%A7%D9%85-%D9%86%D9%88%D8%A7%D8%AD%D9%8A-%D8%A8%D8%B1%D8%B4%D9%8A%D8%AF-1376514.html,www.hespress.com,Unknown,ar,الغموض يلف نفوق أغنام نواحي برشيد,"فوجئ أحد الفلاحين السبت بجماعة المباركيين في النفوذ الترابي لدائرة الكارة، نواحي برشيد، بنفوق قطيع مكون مما يقارب 26 رأسا من الأكباش، كانت معدة للبيع بمناسبة عيد الأضحى.

وأوضحت مصادر من الجماعة الترابية المباركيين، قيادة جاقمة دائرة الكارة بإقليم برشيد، أن أحد “الكسابة” لاحظ نفوق أكباشه على مراحل اليوم السبت، فيما تبلغ قيمتها المالية الإجمالية ما يقارب 14 مليون سنتيم.

وأردفت المصادر ذاتها بأن “الكساب” ربط الاتصال بالجهات المختصة، فانتقل فريق برئاسة طبيب مختص تابع للمكتب الوطني للسلامة الصحية للمنتجات الغذائية إلى مكان الواقعة، حيث قام بالمعاينة ورفع تقريرا مفصلا إلى رؤسائه، قصد تحديد السبب الحقيقي لنفوق الأغنام، والحسم في طبيعة الحادث، إن كان يعود لأسباب طبيعية أو نتيجة العلف أو بفعل فاعل.

تجدر الإشارة إلى معظم الأكباش النافقة جرى بيعها للزبائن من مناطق مختلفة، وتتراوح أثمانها بين 5000 درهم و7000 درهم، بقيمة إجمالية تقدر بـ14 مليون سنتيم.",138,,
code1017,https://www.khou.com/article/news/local/fort-bend-county-positive-west-nile-virus-mosquito-sample/285-46c040ee-1ef0-4091-a2fa-6ade8655f432,www.khou.com,Unknown,en,Fort Bend County reports first positive West Nile virus mosquito sample for the year,"The positive sample was collected from a mosquito trapping site inside the 77498 ZIP code.

Example video title will go here for this video

Example video title will go here for this video

To stream KHOU 11 on your phone, you need the KHOU 11 app.

SUGAR LAND, Texas — A positive West Nile virus mosquito sample has been collected in Fort Bend County, public health officials announced Tuesday.

Fort Bend County Health and Human Services (FBCHHS) Environmental Health Division’s Mosquito and Vector Control Program said the positive West Nile virus sample was collected from a mosquito trapping site inside the 77498 ZIP code, an area bordered by FM 1464, Highway 90, Eldridge Road and Bissonnet Street.

In response, officials said evening spray operations will begin at dusk on June 4 and continue for three consecutive nights where the sample was found and in surrounding areas until there is no confirmed positive sample.

“After the recent rains and warmer first months of the year, we are seeing an increase in mosquito populations. We remind our residents to enjoy the outdoors but remember to protect themselves and their families from diseases transmitted by mosquitoes,” FBCHHS Director Dr. Gale-Lowe said.

Most people who are infected with West Nile virus show no or only mild symptoms such as low-grade fever and headache.

More severe signs and symptoms can include high fever, stiff neck, disorientation, encephalitis, and, rarely, death.

If you think you have been infected, you are urged to contact your healthcare provider.

Here are some tips from Fort Bend County Health and Human Services Environmental Health Division’s Mosquito and Vector Control Program.

The best way to “Fight the Bite,” is by following the 4-Ds of mosquito safety:

Dusk and Dawn Mosquito activity is heightened during these periods. Take the proper precautions of the other D’s when out and about.

Drain Flower pots, pet dishes, blocked gutters, or any containers that may hold standing water to prevent mosquito breeding grounds. Treat any water that cannot be drained.

Dress In long sleeves and pants when outdoors to minimize exposed skin.

Defend By using an EPA-approved insect repellent to protect yourself from mosquito bites",359,and;the;mosquito;to;sample;from;in;health;positive;video,fever
code1018,https://www.kotatv.com/2024/06/05/new-cases-avian-influenza-infect-south-dakota-livestock/,www.kotatv.com,Unknown,en,New cases of Avian Influenza infect South Dakota livestock,"RAPID CITY, S.D. (KOTA) - Avian Influenza, or the Bird Flu, has been affecting livestock across the nation, and in the last 30 days, there have been five new recorded cases of H5N1, in South Dakota livestock.

The infectious disease has changed in recent years to not only affect poultry but also wild mammals and dairy herds. South Dakota State veterinarian Beth Thompson says the disease could be ruinous for poultry in the state.

”For our farmers, this is significant because it’s a change in the way the virus is moving, and in the species where we’re detecting it, and there’s also a concern when birds or poultry contract the virus, it’s devastating to them,” Thompson said.

Thompson said farmers can take precautions to avoid the bird flu by quarantining any new livestock before introducing them to the herd, keeping a closed herd or flock, and controlling the traffic on their farms.

Knowing your animals and keeping a close eye on them is another strong way to keep an eye out for your flock, infected birds will often stop vocalizing, eating and drinking. Avian Influenza can become deadly in as little as 48 to 72 hours.

The United States Department of Agriculture is closely monitoring cases of Avian Influenza across the country and implemented mandatory testing and reporting on April 29, 2024, to further protect farmers and livestock.

See a spelling or grammatical error in our story? Please click here to report it.

Do you have a photo or video of a breaking news story? Send it to us here with a brief description.

Copyright 2024 KOTA. All rights reserved.",270,the;and;to;in;a;or;it;s;livestock;of,flu
code1019,https://www.cidrap.umn.edu/avian-influenza-bird-flu/avian-flu-strikes-more-minnesota-poultry-farms,www.cidrap.umn.edu,Unknown,en,Avian flu strikes more Minnesota poultry farms,"

Editor's Note: The BMJ announced on June 13, 2024, that it is investigating the quality of the research used in this study and will place an expression of concern on the paper. Since its publication, the study has been criticized for implying a direct causal link between COVID-19 vaccination and mortality, though the study assessed only trends in excess mortality over time, not causes.

See also: June 17, 2024, commentary by Lone Simonsen, PhD, and Rasmus Pedersen, PhD, on why they believe the study should be retracted.

______________________________________________

New COVID-19 excess death rate estimates from 47 countries show that rates remained high for 3 consecutive pandemic years.

""Excess mortality has remained high in the Western World for three consecutive years, despite the implementation of COVID-19 containment measures and COVID-19 vaccines. This is unprecedented and raises serious concerns,"" the authors wrote.

This is unprecedented and raises serious concerns.

The study , published yesterday in BMJ Public Health, assessed people who died from any cause above and beyond what would normally be expected from January 2020 to December 2022 in 47 countries in Europe, North America, Australia and New Zealand. Death rates were compared to historical death data in each country from 2015 until 2019, and matched by both week and month.

Death rates 14% higher in 2021

In total, the number of excess deaths in the 47 countries was 3,098,456 from January 1, 2020, until December 31, 2022. In 2020, 1,033,122 excess deaths were recorded, and that number rose in 2021 to 1,256, 942 excess deaths despite containment measures and widespread use of vaccine in Western countries.

That was 14% more deaths than expected.

""In 2022, the year in which most containment measures were lifted and COVID-19 vaccines were continued, preliminary available data counts 808,392 excess deaths,"" the authors wrote.

Forty-one countries reported excess deaths in 2020, 42 in 2021, and 43 in 2022. The only country to not report excess deaths from 2020 through 2022 was Greenland.

""Government leaders and policymakers need to thoroughly investigate underlying causes of persistent excess mortality and evaluate their health crisis policies,"" the authors concluded.",350,in;the;and;excess;deaths;of;from;study;covid;countries,covid-19;covid
code1020,https://akhbarelyom.com/news/newdetails/4378289/1/%D8%AA%D8%AD%D8%B5%D9%8A%D9%86-690-%D8%A3%D9%84%D9%81-%D9%88524-%D8%B1%D8%A3%D8%B3-%D9%85%D8%A7%D8%B4%D9%8A%D8%A9-%D8%B6%D8%AF-%D8%A7%D9%84%D8%AD%D9%85%D9%89-%D8%A7%D9%84,,,,,,0,,
code1021,https://www.nessma.tv/ar/%D8%A3%D8%AE%D8%A8%D8%A7%D8%B1-%D8%B9%D8%A7%D9%84%D9%85%D9%8A%D8%A9/actu/%D8%A7%D9%84%D8%B5%D8%AD%D8%A9-%D8%A7%D9%84%D8%B9%D8%A7%D9%84%D9%85%D9%8A%D8%A9-%D8%AA%D8%B9%D9%84%D9%86-%D8%AA%D8%B3%D8%AC%D9%8A%D9%84-%D8%A3%D9%88%D9%84-%D9%88%D9%81%D8%A7%D8%A9-%D8%A8%D8%B4%D8%B1%D9%8A%D8%A9-%D8%A8%D8%A5%D9%86%D9%81%D9%84%D9%88%D9%86%D8%B2%D8%A7-%D8%A7%D9%84%D8%B7%D9%8A%D9%88%D8%B1-%D8%A5%D8%AA%D8%B4-5-%D8%A5%D9%86-2/508047,,,,,,0,,
code1022,https://thehorse.com/1128318/2-florida-horses-positive-for-eee-2/,,,,,,0,,
code1023,https://www.cbsnews.com/texas/news/more-mosquito-samples-test-positive-for-west-nile/,www.cbsnews.com,Unknown,en,More mosquito samples test positive for West Nile in North Texas,"NORTH TEXAS — Dallas County Health and Human Services confirmed this week five new mosquito samples tested positive for West Nile Virus. The samples were collected in Mesquite and Irving.

Tarrant County found signs of the disease in mosquitoes in Arlington last month.

With all the recent rain, experts say it's more critical than ever for families to guard themselves against the insects.

""When you have heavy rainfall, you're going to have more mosquitoes,"" said Shelley Stonecipher, a zoonotic disease expert and adjust assistant professor at UNT Health Science Center. ""More mosquitoes means more risk of being exposed to mosquito bites, and subsequently West Nile Virus.""

Stonecipher studies infectious diseases that spread between animals and people. She's concerned about what we could potentially see in North Texas this year.

""Each of us has a job to do to prevent mosquitos from breeding in and around our home for our own family and for the neighborhood and the larger community,"" said Stonecipher.

Most people who get infected with West Nile don't have symptoms, but it can be serious – and even deadly – for the elderly or people who are immunocompromised.

Last year, there were more than 20 human cases of West Nile disease and two deaths in Dallas County. Tarrant County reported 12 cases of infection in people.

Common symptoms are fever, headache, body aches, and rash.

""Please take it seriously,"" said Stonecipher. ""Wear repellent and reduce mosquito breeding sites in and around your home.""

Cities and local health departments are urging people to go around their properties right now and dump out anything with standing water, get rid of old tires and tarps, and clean your gutters.

""It only takes a bottle cap full of standing water for mosquitoes to lay their larvae that hatch into adult mosquitoes,"" said Jordan Balusek, the consumer health supervisor with the City of Fort Worth.

The city's mosquito surveillance team targets treatments for areas with standing water where mosquitoes breed. All the recent rainfall in North Texas has left water everywhere.

""A lot of standing water complaints,"" Balusek said.

Teams also set up more than 50 traps around the city every week to then collect and test the insects for diseases like West Nile, so they know where to spray.

""It's really important we set these traps because West Nile can be a deadly virus,"" Balusek said. ""It's rare, but we take it seriously.""

Fort Worth typically sees a spike in positive West Nile mosquito samples starting at the end of June.

""It will pick up through July, August and then September, October you'll see it trail off,"" said Balusek.

She recommends keeping that insect repellent handy from now through the fall.

The city also advises people to take the following steps to protect themselves and their families:",465,and;the;to;in;of;it;for;west;nile;said,fever
code1024,https://www.hespress.com/%D9%88%D9%81%D8%A7%D8%A9-%D8%B7%D9%81%D9%84-%D8%A8%D9%80%D8%AF%D8%A7%D8%A1-%D8%A7%D9%84%D9%83%D9%84%D8%A8-%D8%AA%D8%AD%D8%B1%D9%83-%D9%86%D8%B4%D8%B7%D8%A7%D8%A1-1379553.html,www.hespress.com,Unknown,ar,"وفاة طفل بـ""داء الكلب"" تحرك نشطاء","وجهت الجمعية المغربية لحقوق الإنسان فرع المنارة رسالة إلى الوكيل العام للملك لدى محكمة الاستئناف بمراكش، وإدارة المركز الاستشفائي الجامعي، ورئيسة المجلس الجماعي، ومندوب وزارة الصحة والحماية الاجتماعية، للمطالبة بفتح تحقيق قضائي وإداري لتحديد المسؤوليات وترتيب الآثار القانونية حول وفاة طفل بعد إصابته بداء الكلب.

وطالبت الهيئة الحقوقية بـ”إجراء تحقيق شفاف ونزيه حول وفاة الطفل لتحديد المسؤوليات المؤسساتية والفردية وأسباب وملابسات هذا الحادث المؤلم، مع ترتيب الآثار القانونية اللازمة، إقرارا لقواعد العدل والإنصاف”.

ومن مطالب “AMDH مراكش” يبرز “جبر ضرر أسرة الطفل، الذي ووري الثرى اليوم الخميس، واتخاذ الإجراءات الكفيلة بحماية سلامة وصحة المواطنات والمواطنين من الإصابات التي قد تؤدي إلى الوفاة في حالة عدم التلقيح فورا، وأخذ الجرعات الكافية المحددة من طرف الأطباء؛ وجمع الكلاب الضالة من الشوارع، وتوفير كل الإمكانيات البشرية واللوجستيكية لمحاربة الظاهرة”.

وذكرت الجمعية ذاتها بأنها رصدت مرارا “المسؤولية التقصيرية واللامبالاة تجاه ملزمين بتلقي لقاحات حسب البروتوكولات الطبية المتعارف عليها، سواء للحماية من الإصابة بداء الكلب، بالنسبة لمن اضطروا إلى إتمام أخذ الجرعات الضرورية خارج مراكش، أو الحصبة (بوحمرون)، كما حدث مع العديد من الأطفال خلال الأسابيع القليلة الماضية”، داعية “الجهات المختصة إلى توفير كل اللقاحات والأمصال وتخزينها لتفادي أي خصاص”.

وتأتي هذه المراسلة إثر لفظ طفل كان قيد حياته يبلغ من العمر 10 سنوات أنفاسه الأخيرة، يوم الأربعاء، بسبب عضة كلب في ساقه ضواحي مدينة مراكش (حربيل) منذ 15 يوما، ليتم نقله إلى المستشفى الجامعي محمد السادس بمراكش، حيث تم إعطاؤه حقنة من طرف طبيب بالمستشفى، وعاد أدراجه رفقة أمه إلى البيت، بعد رتق الجرح الناتج عن عضة الكلب مع وصفة دواء.

وكانت والدة الطفل أوضحت، في تصريح لإحدى الهيئات الحقوقية، أن فلذة كبدها “توفي أمام عيادة طبية بمقاطعة سيدي يوسف بن علي، بعد نقله قصد عرضه على طبيب عام والكشف عن وضعه الصحي، بعد ارتفاع درجة حرارة جسمه، بسبب عدم تلقيه التلقيح المضاد لداء الكلب بالمكتب الجماعي لحفظ الصحة بمراكش، الذي لا يتوفر على هذا اللقاح”، ما جعل الأم تحمله إلى مشفى بمدينة شيشاوة، “حيث تلقى اللقاح بعدما بلغت الإصابة درجة من الخطورة”، وفق وثيقة الجمعية المغربية لحقوق الإنسان فرع المنارة مراكش.",328,amdh,
code1025,https://guineenews.org/lola-les-eleveurs-confrontes-a-la-fievre-aphteuse-dans-la-localite-de-morigbedou/,guineenews.org,Unknown,fr,Lola: les éleveurs confrontés à la fièvre aphteuse dans la localité de Morigbèdou,"Situé à 108 kilomètres de la commune urbaine de Lola et à 55 kilomètres de la commune rurale de Foumbadou, Tignègbèla est un secteur du district de Morigbèdou confronté, en ce moment, à l’épidémie de fièvre aphteuse. Cela affecte l’élevage des bœufs et des petits ruminants pratiqué par les habitants de la localité. Une localité où les agriculteurs et les éleveurs vivent dans une parfaite harmonie et où chacun respecte son prochain. C’est l’une des rares zones de Lola où règne la paix entre agriculteurs et éleveurs, sans heurts ni affrontements.

Pour découvrir cette zone enclavée et montagneuse, le correspondant de Guineenews basé à Lola s’est rendu dans la localité pour une série de reportages sur les activités de ses habitants. Interrogé par Guinéenews, à travers le correspondant basé dans la localité, Amara Condé a fait un état des lieux sur la cohabitation en paix, entre les éleveurs et les agriculteurs : «chez nous ici, nos parents n’aiment pas la race zébu. Parce qu’ils sont souvent accompagnés par des maladies. Depuis la nuit des temps, nous sommes éleveurs et agriculteurs en même temps. On peut garder la race N’dama dans un enclos, on ne peut pas garder les zébus là-bas. La N’dama peut manger certaines herbes et se développer; tu ne peux pas faire ça avec les zébus. Si l’herbe diminue, la N’dama se développe là-bas. Si herbe n’est pas haute, la race Zébu ne se développe pas. Nous sommes des éleveurs comme les autres éleveurs.

Ici, il y a assez de propriétaires de bœufs dans chaque village. Chez nous ici, vous trouverez, plus de 30 personnes, propriétaires de 150 têtes de bœufs, chacun. Dans notre enclos, personne n’a plus de 250 têtes. L’encadrement est optimal pour nous tous. Tout le monde n’est pas propriétaire de troupeaux, mais tout le monde est propriétaire au moins de deux à quatre têtes. Cela fait que nous n’avons pas accepté des Zébus chez nous. Dans ce district, il n’y a que la race N’dama appartenant aux habitants de la localité. C’est pourquoi il n’y a pas de conflits ici. Accepter les autres éleveurs avec le nombre dans les villages, ça allait être difficile. Cela provoque souvent des conflits dans les autres parties. Pendant la période de culture, nous mettons nos animaux dans les enclos. Même les moutons et les chèvres sont dans l’enclos. Ce que nous cultivons se trouve à la lisière du village. Malgré ça, il y a des dévastations, mais c’est géré en interne chez nous. Il y a assez de bœufs ici, vraiment,» a-t-il dit.

Parlant des difficultés, notre interlocuteur affirme : « en cas de fièvre aphteuse, nous injectons les bœufs avec la tétracycline et la boisson tonique.»

Notre interlocuteur précise que : « c’est une maladie très fréquente dans la localité de Morigbèdou où beaucoup d’animaux passent pour les autres régions. Ce ne sont pas les vétérinaires qui ont prescit ça, mais c’est nous-mêmes qui avons initié. Ce que l’on boit, si tu injectes un animal avec ça, ce n’est pas un problème. Les vétérinaires traitent avec le Fomic et d’autres produits qui traitent la fièvre aphteuse. Les animaux en provenance de la Côte d’Ivoire qui passent chez nous, ce sont eux qui contaminent les nôtres. Partout où les animaux contaminés passent, si tes animaux passent, ils seront contaminés à leur tour. Ça ne tue pas trop les grands animaux, mais ce sont les veaux qui sont victimes».

Pour les grands animaux, « si tu ne vois pas ton animal à temps, ça peut le tuer. Ça immobilise l’animal et attaque les pieds. Si tu regardes dans la bouche de l’animal, il y a une plaie au niveau de la langue jusqu’au ventre. Ça empêche l’animal de manger. Il n’y a pas encore de traitement de la fièvre aphteuse. Ici beaucoup d’animaux sont attaqués, même actuellement. Seulement, la fièvre aphteuse est moins grave que le charbon. Mais c’est bon, qu’il y ait la vaccination contre le charbon. Après la vaccination, l’animal est sauvé. Mais la fièvre aphteuse existe tout le temps. Bien que les vétérinaires viennent traiter les animaux, pour nous aider. C’est notre économie dont la sauvegarde incombe à nous, » a-t-il conclu.",696,de;la;les;est;nous;et;dans;n;pas;l,
code1026,https://www.alkhaleej.ae/2024-06-07/%D8%AA%D9%81%D8%B4%D9%8A-%D8%B3%D9%84%D8%A7%D9%84%D8%A9-%D9%85%D9%86-%D8%A5%D9%86%D9%81%D9%84%D9%88%D9%86%D8%B2%D8%A7-%D8%A7%D9%84%D8%B7%D9%8A%D9%88%D8%B1-%D9%81%D9%8A-%D9%85%D8%B2%D8%B1%D8%B9%D8%A9-%D8%AF%D9%88%D8%A7%D8%AC%D9%86-%D8%AE%D8%A7%D9%85%D8%B3%D8%A9-%D8%A8%D8%A3%D8%B3%D8%AA%D8%B1%D8%A7%D9%84%D9%8A%D8%A7/%D8%A7%D9%84%D8%B9%D8%A7%D9%84%D9%85/%D8%B3%D9%8A%D8%A7%D8%B3%D8%A9,,,,,,0,,
code1027,https://actualite.cd/2024/06/07/sud-kivu-81-nouveaux-cas-de-monkeypox-en-une-semaine-le-seuil-de-800-depasse,actualite.cd,Unknown,fr,"Sud-Kivu : 81 nouveaux cas de Monkeypox en une semaine, le seuil de 800 dépassé","Au total, 81 nouveaux cas de Monkeypox ont été notifiés la semaine du 27 mai au 1er juin 2024 dans la province du Sud-Kivu. Selon le rapport, deux nouvelles zones de santé ont été touchées, à savoir la zone de santé de Miti Murhesa et celle de Kimbi Lulenge.

Selon le colonel Dr Matombe Kiendo, membre de la branche sécurité et mitigation au sein du Comité Provincial de Coordination de la Santé, la zone de Kamituga reste toujours en première position, suivie de celle de Nyangezi. « La semaine 21, nous avons rapporté 81 cas de Monkeypox et 9 zones de santé ont été touchées, dont deux nouvelles zones de santé, Miti Murhesa et Kimbi Lulenge. Nous sommes donc déjà à 22 zones de santé rapportant des cas sur 34 zones », a déclaré le colonel Dr Matombe Kiendo Alain.

Il a profité de l'occasion pour appeler au respect strict des mesures de lutte contre la contamination afin de freiner la propagation de cette maladie. « La maladie ne fait que se répandre, nous devons veiller à ce que les données que nous mettons à la disposition de nos autorités soient exploitées pour trouver des solutions bénéfiques pour la population, notamment la vaccination. Nous insistons pour que la vaccination soit lancée rapidement, en commençant par la zone de santé de Kamituga et, pourquoi pas, celle de Nyangezi qui vient en deuxième position et rapporte également des décès », a expliqué le colonel Dr Matombe Kiendo Alain.

Depuis le mois d'octobre 2023, date à laquelle le premier cas de Monkeypox a été notifié au Sud-Kivu, 825 cas et 8 décès ont été enregistrés, dont 500 cas dans le seul territoire de Mwenga.

Justin Mwamba",283,de;la;le;santé;et;cas;au;été;zones;à,
code1028,https://www.cairo24.com/2021265,www.cairo24.com,Unknown,ar,رويترز: نفوق 5 أبقار بإنفلونزا الطيور في ولايات أمريكية,"قال مسؤولون أمريكيون لرويترز، إن أبقار حلوب أصيبت بإنفلونزا الطيور في 5 ولايات أمريكية، نفقت أو ذبحها المزارعون بسبب عدم تعافيها.

نفوق 5 أبقار في ولايات أمريكية

وتشير التقارير عن الوفيات، إلى أن تفشي إنفلونزا الطيور في الأبقار، قد يؤدي إلى خسائر اقتصادية أكبر في الحزام الزراعي، مما كان يعتقد في البداية.

ولطالما أعدم المزارعون، الدواجن المصابة بالفيروس، لكن تكلفة تربية الأبقار أعلى بكثير من تكلفة تربية الدجاج أو الديوك الرومية.

انتشار إنفلونزا الطيور بأمريكا

وقال متحدث باسم وزارة الزراعة الأمريكية، إن الوكالة على علم بعدد قليل من الوفيات، لكن الغالبية العظمى من الأبقار تتعافى بشكل جيد.

ولم تتمكن رويترز من تحديد العدد الإجمالي للأبقار المصابة بأنفلونزا الطيور التي نفقت أو نفقت بولايات: داكوتا الجنوبية وميشيجان وتكساس وأوهايو وكولورادو.

وأصابت أنفلونزا الطيور أبقار الألبان في أكثر من 80 قطيعًا في 10 ولايات، منذ أواخر مارس، وفقًا لوزارة الزراعة الأمريكية.

بيطريون: بعض الحيوانات نفقت بسبب عدوى ثانوية

وأكد الأطباء البيطريون في الولاية ومسؤولو الزراعة والأكاديميون الذين ساعدوا في استجابات الدولة لإنفلونزا الطيور، إن بعض الحيوانات نفقت بسبب عدوى ثانوية أصيبت بها بعد أن أضعفت أنفلونزا الطيور أجهزتها المناعية، وقُتلت أبقار أخرى على يد المزارعين لأنها فشلت في التعافي من الفيروس.

وتعاني الماشية المصابة بأنفلونزا الطيور من انخفاض إنتاج الحليب، ومشاكل في الجهاز الهضمي، والحمى، وانخفاض الشهية، وفقا للمزارعين والأطباء البيطريين.

وقال روس دالي، الأستاذ في جامعة ولاية داكوتا الجنوبية والطبيب البيطري في داكوتا الجنوبية، إن مزرعة ألبان مكونة من 1700 بقرة أرسلت عشرات من الحيوانات للذبح بسبب عدم تعافيها من الفيروس، وقتلت عشرات أخرى أصيبت بعدوى ثانوية.",246,,
code1029,https://www.emaratalyoum.com/life/four-sides/2024-06-10-1.1859484,www.emaratalyoum.com,Unknown,ar,تركيا تعلن فرض حجر صحي على مناطق بسبب داء الكلب,"فرضت السلطات الصحية التركية حجراً صحياً على حيين سكنيين اثنين في ولاية شانلي أورفا الواقعة جنوب البلاد على الحدود مع سوريا، وذلك بعد رصد كلبين مصابين بداء الكلب في شوارع الحيين السكنيين، وفق ما نقلت وسائل إعلامٍ تركية عن مصادر صحية في الولاية.

وفي التفاصيل، أعلنت السلطات الصحية عن فرض حجرٍ صحي على حيين سكنيين في منطقة الأيوبية بعد رصد إصابة كلبين فيها يعانيان من داء الكلب، وهي المرة الأولى التي تفرض فيها السلطات حجراً من هذا النوع منذ تفشي فيروس كورونا قبل نحو 4 سنوات وما تبعه من إغلاقات.

ويأتي قرار السلطات الصحية التركية في شانلي أورفا في أعقاب عض الكلبين 4 مدنيين في الولاية، ما أثار الذعر في صفوف سكان المنطقة التي تمكنت السلطات فيها من احتجاز الكلبين وإجراء الفحوصات اللازمة لهما ليتبين لاحقاً أنهما يعانيان بالفعل من داء الكلب.",132,,
code1030,https://www.masrawy.com/news/news_publicaffairs/details/2024/6/10/2595779/%D9%82%D8%A8%D9%8A%D9%84-%D8%B9%D9%8A%D8%AF-%D8%A7%D9%84%D8%A3%D8%B6%D8%AD%D9%89-%D8%A8%D9%84%D9%88%D8%B4%D8%B3%D8%AA%D8%A7%D9%86-%D8%AA%D8%B9%D9%84%D9%86-%D8%B9%D9%86-6-%D8%AD%D8%A7%D9%84%D8%A7%D8%AA-%D8%A5%D8%B5%D8%A7%D8%A8%D8%A9-%D8%A8%D9%81%D9%8A%D8%B1%D9%88%D8%B3-%D8%AD%D9%85%D9%89-%D8%A7%D9%84%D9%82%D8%B1%D9%85,www.masrawy.com,Morocco,ar,قبيل عيد الأضحى.. بلوشستان تعلن عن 6 حالات إصابة بفيروس حمى القرم,"إسلام أباد - (د ب أ)

أعلن مسؤولو الصحة في إقليم بلوشستان في باكستان، اليوم الاثنين، عن ست حالات إصابة بفيروس الكونغو، أو حمى القرم - الكونغو النزفية، هذا العام، محذرين من أن العدد قد يرتفع قبل عيد الأضحى.

ويُذكر أن فيروس الكونغو مرض شديد العدوى ينتقل عن طريق القراد والاتصال بالحيوانات المصابة، ويؤدي إلى أعراض حادة ويمكن أن يكون مميتا إذا لم يتم علاجه على الفور، خاصة في المناطق الموبوءة مثل مناطق في أفريقيا والشرق الأوسط وآسيا.

ونقلت صحيفة ""ديلي باكستان"" عن مسؤولين في مستشفى فاطمة جناح للصدر في كويتا، المستشفى الوحيدة في بلوشستان التي تعالج مرضى فيروس الكونغو، قولهم إن ثلاثة من المرضى الستة كانوا نساء خرجن من المستشفى بعد تلقى العلاج، بينما لا يزال ثلاثة رجال في جناح العزل بالمستشفى.

وتتخذ حكومة بلوشستان إجراءات لمنع انتشار الفيروس قبل عيد الأضحى. وقال شهيد ريند، المتحدث باسم حكومة الإقليم إن ""إدارة الثروة الحيوانية في الإقليم بدأت حملات رش، ويقوم بنك الدم الإقليمي بتوفير الدم، وصرفت الحكومة مخصصات مالية لشراء مجموعات صفائح دموية للمرضى"".",164,,
code1031,https://www.quechoisir.org/actualite-tiques-le-virus-de-la-fievre-hemorragique-de-crimee-congo-detecte-en-france-n124882/,www.quechoisir.org,Unknown,fr,Le virus de la fièvre hémorragique de Crimée-Congo détecté en France,"Les tiques géantes Hyalomma marginatum , présentes sur le pourtour méditerranéen français, sont capables de transmettre le virus de la fièvre hémorragique de Crimée-Congo. Ce virus a été repéré dans plusieurs départements du pays.

Jusqu’à deux fois plus grosse (8 mm) qu’une tique standard, et reconnaissable à ses pattes rayées, la tique Hyalomma marginatum colonise le pourtour méditerranéen français. Ça n’est pas la seule différence avec sa cousine Ixodes ricinus, qui transmet la maladie de Lyme ou l’encéphalite à tiques. La tique géante s’adapte aussi mieux aux variations de température et d’humidité. Présente sur le territoire métropolitain depuis 2015, elle est susceptible de transmettre le virus de la fièvre hémorragique de Crimée-Congo (FHCC). Un risque bien plus concret désormais : ce virus a été identifié en 2023 chez des tiques prélevées en Corse et dans les Pyrénées-Orientales.

La fièvre hémorragique de Crimée-Congo se manifeste principalement par un syndrome grippal (fièvre, douleurs, troubles digestifs). Dans les cas plus graves, les patients souffrent d’hémorragies et de défaillances d’organes. À ce jour, aucun cas humain n’a été déclaré dans l’Hexagone mais la prudence est recommandée lors des sorties en nature (garrigue, maquis, pâtures, chemins de randonnée, zones de culture agricole, etc.). Les personnes en contact avec le bétail ou les grands animaux sauvages sont également invitées à prendre leurs précautions. Le contact avec le sang frais des animaux peut transmettre le virus.

Contre Hyalomma marginatum, les mesures préventives sont les mêmes que pour les tiques Ixodes. Lors des sorties en nature ou en espace vert, il est conseillé de porter des vêtements couvrants et de couleur claire – afin de mieux les repérer. Les chaussures fermées sont également de mise. Les répulsifs antimoustiques, en revanche, ont une efficacité limitée sur ces tiques, indique Santé publique France. Après la promenade, une inspection visuelle permettra de repérer d’éventuelles tiques. Pour les retirer, un tire-tique ou une pince à épiler font l’affaire.",316,de;les;le;la;en;tiques;à;virus;et;des,
code1032,https://www.aletihad.ae/news/%D8%B9%D8%B1%D8%A8%D9%8A-%D9%88%D8%AF%D9%88%D9%84%D9%8A/4492534/%D8%A7%D9%84%D9%81%D9%84%D8%A8%D9%8A%D9%86-%D8%AA%D8%AD%D8%B8%D8%B1-%D9%88%D8%A7%D8%B1%D8%AF%D8%A7%D8%AA-%D8%A7%D9%84%D8%AF%D9%88%D8%A7%D8%AC%D9%86-%D9%85%D9%86-%D8%A3%D8%B3%D8%AA%D8%B1%D8%A7%D9%84%D9%8A%D8%A7-%D8%A8%D8%B3%D8%A8%D8%A8-%D8%A3%D9%86%D9%81%D9%84%D9%88%D9%86%D8%B2%D8%A7-%D8%A7%D9%84%D8%B7%D9%8A%D9%88%D8%B1,www.aletihad.ae,Unknown,ar,الفلبين تحظر واردات الدواجن من أستراليا بسبب أنفلونزا الطيور,"حظرت الفلبين واردات الطيور ومنتجات لحوم الدواجن من أستراليا، عقب ظهور حالات إصابة بإنفلونزا الطيور في البلاد.

وقالت وزارة الزراعة الفلبينية في بيان، اليوم السبت، إنه جرى الإبلاغ عن ظهور فيروسي «إتش 7 إن 3» و«إتش 7 إن 9» - وهما نوعا فرعيان من فيروس إنفلونزا الطيور - في 23 و25 مايو في ولاية فيكتوريا، وفق ما أكده المركز الأسترالي للاستعداد للأمراض. وبحسب مذكرة وقعها وزير الزراعة فرانسيسكو تيو لوريل في السادس من يونيو، سوف يتم السماح بدخول بكل شحنات الطيور المنزلية والبرية من أستراليا، شريطة أن تكون قد ذبحت أو أنتجت في التاسع من مايو أو قبله.

يشار إلى أن أستراليا هي رابع أكبر مصدر لحوم الدواجن المستوردة التي تعتمد عليه الفلبين، حيث بلغ إجمالي الواردات منها 5365 طناً مترياً حتى أبريل الماضي.",124,,
code1033,https://equimanagement.com/news/edcc-health-watch/2-strangles-cases-confirmed-at-washington-boarding-facility/,equimanagement.com,Unknown,en,2 Strangles Cases Confirmed at Washington Boarding Facility,"Two horses at a boarding facility in Spokane County, Washington, are positive for strangles and under quarantine. | Adobe Stock

Two horses at a boarding facility in Spokane County, Washington, were recently confirmed positive for strangles. The horses are under quarantine and are receiving veterinary care.

EDCC Health Watch is an Equine Network marketing program that utilizes information from the Equine Disease Communication Center (EDCC) to create and disseminate verified equine disease reports. The EDCC is an independent nonprofit organization that is supported by industry donations in order to provide open access to infectious disease information.

About Strangles

Strangles in horses is an infection caused by Streptococcus equi subspecies equi and spread through direct contact with other equids or contaminated surfaces. Horses that aren’t showing clinical signs can harbor and spread the bacteria, and recovered horses remain contagious for at least six weeks, with the potential to cause outbreaks long-term.

Infected horses can exhibit a variety of clinical signs:

Fever

Swollen and/or abscessed lymph nodes

Nasal discharge

Coughing or wheezing

Muscle swelling

Difficulty swallowing

Veterinarians diagnose horses using polymerase chain reaction (PCR) testing with either a nasal swab, wash, or an abscess sample, and they treat most cases based on clinical signs, implementing antibiotics for severe cases. Overuse of antibiotics can prevent an infected horse from developing immunity. Most horses make a full recovery in three to four weeks.

A vaccine is available but not always effective. Biosecurity measures of quarantining new horses at a facility and maintaining high standards of hygiene and disinfecting surfaces can help lower the risk of outbreak or contain one when it occurs.",268,horses;and;a;the;in;is;an;to;or;of,fever
code1034,https://www.sillonbelge.be/13005/article/2024-06-11/un-nouveau-vaccin-contre-la-fievre-catarrhale-ovine-de-serotype-3,www.sillonbelge.be,Unknown,fr,Un nouveau vaccin contre la fièvre catarrhale ovine de sérotype 3,"Il s’agit d’un vaccin inactivé administré par voie sous-cutanée chez les moutons et intramusculaire chez les bovins. Pour une protection initiale, une injection de 1 ml est nécessaire chez les ovins. Chez les bovins, il faut en faire deux, à trois semaines d’intervalle. Chez les moutons, l’administration permet de prévenir les signes cliniques et la mortalité. En outre, il réduit la circulation du virus dans le sang, ce qui diminue considérablement le risque de transmission de la maladie. Concernant les bovins, cela conduit à une immunisation active contre la fièvre catarrhale ovine de sérotype 3.

Autorisé pour une utilisation d’urgence en Belgique

Depuis les récentes épidémies de BTV-3, les autorités de santé animale ont contacté l’industrie pharmaceutique pour souligner la nécessité d’un vaccin contre ce nouveau sérotype du virus. Boehringer Ingelheim a reconnu la gravité de la situation et en a donc développé un, en collaboration avec Bioveta, un fabricant de produits vétérinaires spécialisé dans ce type de traitements. Grâce à la coopération du gouvernement néerlandais, Boehringer Ingelheim a pu bénéficier d’une procédure accélérée. Ainsi, le 27 mai, l’AFMPS (Agence fédérale des médicaments et des produits de santé) a autorisé l’utilisation de ce vaccin destiné aux ovins et aux bovins. Celui-ci sera disponible en Belgique à partir de la mi-juin 2024.

Mortalité, problèmes de reproduction et pertes de lait

« Grâce à lui, il est possible de prévenir les foyers de BTV-3 et d’endiguer la propagation de la maladie. À l’approche de la saison estivale, nous sommes donc très satisfaits, car il ne fait aucun doute que nous contribuons à minimiser autant que possible les souffrances des animaux, mais aussi les pertes économiques dues à la fièvre catarrhale du mouton », a indiqué le vétérinaire de la compagnie pharmaceutique, Jo Maris.

Rappelons que cette fièvre est transmise par des petits moustiques piquants appelés culicoides. Il s’agit d’une maladie saisonnière dont l’incidence est faible en hiver et au printemps, mais plus importante durant l’été et l’automne.

Il existe plusieurs sérotypes, dont le 3, récemment apparu et qui se propage actuellement en Europe. Il provoque une forte mortalité dans les élevages ovins infectés. Chez les bovins, la récente épidémie de BTV-3 a entraîné plus de décès que les années précédentes, auxquels se sont ajoutées d’importantes pertes de lait dans les exploitations touchées.",380,de;les;la;et;il;d;en;à;l;une,
code1035,https://www.fox5vegas.com/2024/06/10/3000-mosquitoes-test-positive-west-nile-virus-southern-nevada/,www.fox5vegas.com,Unknown,en,"3,000+ mosquitoes test positive for West Nile Virus in Southern Nevada","LAS VEGAS, Nev. (FOX5) - Over 3,000 mosquitoes have tested positive for West Nile Virus in Southern Nevada, the health district announced on Monday.

The Southern Nevada Health District announced that 91 mosquito pools, made up of 3,081 mosquitoes from 16 zip codes, tested positive for the virus. Additional pools, which includes 46 mosquitos from two zip codes, tested positive for the virus that caused St. Louis encephalitis.

The district is reminding residents to protect themselves from mosquitos amid increased complaints of mosquito activity throughout the valley. Health officials attribute the rise in activity and awareness to the expansion of Aedes aegypti mosquitos throughout the region.

A single Aedes aegypti tested positive in 2017, and a submission pool of 22 mosquitoes tested positive in 2023, the district said.

“Aedes aegypti mosquitoes are known to be aggressive daytime biters that prefer feeding on people instead of birds and have tested positive for West Nile Virus for the first time in Clark County,” officials noted in a release.

The last time the valley saw West Nile Virus activity, two human cases were reported in 2023.

Officials note that one in five people infected with the virus will develop symptoms of fever, headache, body aches, vomiting, diarrhea, or rash. About one in 150 will develop serious (sometimes fatal) illnesses.

SNHD is encouraging residents to help prevent mosquito-borne illnesses through its “Fight the Bite” campaign, which includes the following tips:

Eliminate standing water and other breeding sources around their homes. Aedes aegypti breed in small containers that collect rain or irrigation water, such as children’s toys, wheelbarrows plant saucers, and even bottle caps.

Prevent mosquito bites by using an Environmental Protection Agency (EPA)-registered insect repellent. Wear loose-fitting, long-sleeved shirts and pants.

Report mosquito activity to the Health District’s surveillance program at (702) 759-1633. To report a green pool, people should contact their local code enforcement agency.

To see where mosquitoes are testing positive, check out SNHD’s mosquito surveillance map.

Copyright 2024 KVVU. All rights reserved.",331,the;in;positive;to;tested;virus;mosquito;of;and;mosquitoes,fever
code1036,https://www.virgule.lu/luxembourg/une-maladie-decime-une-colonie-d-abeilles-a-wahlhausen/13804878.html,www.virgule.lu,Unknown,fr,Une maladie décime une colonie d’abeilles à Wahlhausen,"Elle porte le nom de «loque américaine». Cette maladie contagieuse, qui peut faire de graves dégâts au sein des colonies d’abeilles mellifères, a été détectée dans le nord du Luxembourg, le 5 juin dernier.

Lire aussi : L'apocalypse des abeilles

Des traces de l’agent pathogène ont été retrouvées dans une colonie d’abeilles à Wahlhausen, fait savoir l’administration vétérinaire et alimentaire luxembourgeoise ce lundi 10 juin. En raison de la gravité de la maladie, une zone d’exclusion de trois kilomètres a été décrétée autour de la source de l’infection.

Ainsi, les villages de Wahlhausen, Putscheid, Weiler, Hoscheid-Dickt, Untereisenbach et Merscheid sont concernés par cette zone de vigilance. Toutes les colonies d’abeilles se trouvant dans cette zone doivent être considérées comme suspectées de loque américaine et doivent être signalées à l’administration vétérinaire dès que possible.

Un contrôle des ruches

Afin d’éviter la propagation de la maladie au Luxembourg, aucune colonie d’abeilles ne peut être sortie de la zone d’exclusion. Par ailleurs, l’exportation de nids d’abeilles, de ruches et de matériel apicole usagé entré en contact avec des abeilles de la zone est interdite, indique l’administration vétérinaire. En effet, les spores de la bactérie responsable de cette infection sont très résistantes et peuvent demeurer viables jusqu’à 70 ans.

Lire aussi : Le frelon asiatique se propage au Luxembourg

Toutes les colonies d’abeilles dans la zone d’exclusion sont soumises à un contrôle des maladies afin d’évaluer la situation. Si la maladie se propage, elle risque d’affaiblir, et dans la plupart des cas, de tuer les colonies d’abeilles mellifères infectées, puisque la loque américaine s’attaque aux larves d’abeilles en développement. À noter qu’une fois qu’une colonie a contacté une infection active, il n’existe aucun traitement pour éliminer la bactérie responsable de la maladie.

L’administration vétérinaire fait savoir que cette maladie est spécifique aux abeilles et qu’il n’existe aucun risque pour le consommateur lors de la consommation de miel.",313,de;la;d;abeilles;l;des;et;maladie;zone;le,
code1037,https://equusmagazine.com/news/edcc-health-watch/florida-mare-tests-positive-for-eee,equusmagazine.com,Unknown,en,Florida mare tests positive for EEE,"An unvaccinated, 10-year-old mare in Jackson County, Florida, recently tested positive for Eastern equine encephalitis (EEE) after developing clinical signs on May 30, including depression, fever, inability to stand and muscle twitching. The mare was euthanized.

EDCC Health Watch is an Equine Network marketing program that utilizes information from the Equine Disease Communication Center (EDCC) to create and disseminate verified equine disease reports. The EDCC is an independent nonprofit organization that is supported by industry donations in order to provide open access to infectious disease information.

EEE 101

Eastern equine encephalomyelitis is caused by the Eastern equine encephalitis virus, for which wild birds are a natural reservoir. Mosquitoes that feed on EEE-infected birds can transmit the virus to humans, horses and other birds. Horses do not develop high enough levels of these viruses in their blood to be contagious to other animals or humans. Because of the high mortality rate in horses and humans, EEE is regarded as one of the most serious mosquito-borne diseases in the United States.

Tips for preventing mosquito-borne diseases include:",175,the;to;equine;in;is;eee;and;an;for;eastern,fever
code1038,https://ici.radio-canada.ca/nouvelle/2079888/corbeaux-virus-du-nil-north-bay,ici.radio-canada.ca,Unknown,fr,Le virus du Nil occidental détecté dans deux corbeaux à North Bay,"Le Bureau de santé du district de North Bay-Parry Sound a annoncé avoir détecté le virus du Nil occidental dans deux corbeaux à North Bay.

Dans un communiqué de presse, le bureau de santé indique que les échantillons ont été soumis le 4 juin par la Coopérative canadienne de la santé de la faune et que les résultats ont été reçus le vendredi 7 juin.

Les moustiques contractent le virus du Nil occidental en se nourrissant d’oiseaux infectés. Le virus se transmet aux humains et à d’autres mammifères par la piqûre d’un moustique infecté. Il ne se transmet pas par d’autres animaux , indique le communiqué de presse.

Publicité

Être piqué par un moustique infecté ne vous rendra pas nécessairement malade, précise le bureau de santé.

Les symptômes apparaissent généralement dans les 2 à 15 jours suivant l’infection.

La plupart des personnes (de 70 à 80 %) infectées par le virus du Nil occidental ne présentent aucun symptôme , souligne l’agence de santé publique.

Dans certains cas, le virus du Nil occidental peut provoquer une maladie bénigne, notamment de la fièvre, des maux de tête, des courbatures, des nausées, des vomissements et une éruption cutanée sur la poitrine, l’estomac ou le dos , ajoute-t-on.

Ouvrir en mode plein écran Les moustiques infectés par le virus du Nil occidental peuvent contaminer les humains et les animaux. Photo : Shutterstock / mycteria

Dans de rares cas, une maladie plus grave est possible, en particulier chez les personnes dont le système immunitaire est affaibli (notamment les personnes âgées).

Si vous ressentez l’apparition soudaine de symptômes, consultez un médecin. Bien qu’il n’existe aucun traitement ni vaccin contre le virus du Nil occidental, les symptômes peuvent être traités , précise le bureau de santé.

L’agence de santé publique mentionne que la prévention est la clé et que les gens peuvent utiliser des mesures de protection individuelle simples pour réduire leur exposition aux moustiques et leur risque de maladie .

Publicité

L’an dernier, Santé publique Ontario a rapporté le signalement de 54 cas humains confirmés ou probables du virus du Nil occidental.

Un seul cas a été signalé dans le Nord de l’Ontario, soit sur le territoire de Santé publique Sudbury et districts.",367,de;le;les;santé;du;la;virus;nil;occidental;et,
code1039,https://www.cidrap.umn.edu/avian-influenza-bird-flu/h9n2-avian-flu-infects-children-india-china,www.cidrap.umn.edu,Unknown,en,"H9N2 avian flu infects children in India, China","India has reported an H9N2 avian flu case involving a child in West Bengal state who was exposed to poultry, marking the country's second such case since 2019, the World Health Organization (WHO) said today in a statement, and China confirmed another pediatric H9N2 infection.

Leo Malsam / iStock

The 4-year-old child, who had a history of upper-airway disease, was first hospitalized in February for complications from respiratory virus infections, which included influenza B and adenovirus. In early March, the child was hospitalized again with severe respiratory symptoms, which were positive for unsubtyped influenza A and rhinovirus.

Further testing of the flu virus sample revealed H9N2. The child was discharged from the hospital on oxygen support on May 1. The follow-up investigation found that the patient had been exposed to poultry at home. No similar symptoms were reported in the patient's family, community, or healthcare contacts.

The WHO said most H9N2 infections are typically mild, though a few hospitalizations and deaths have been reported. It added that sporadic infections will likely continue, though the overall risk is low, given that H9N2 hasn't shown a capacity to transmit easily among people.

China reports another H9N2 case

China's H9N2 case is in Guangxi province, according to a weekly avian influenza update from Hong Kong's Centre for Health Protection. The 3-year-old boy's symptoms began on May 2. No other details were available about his condition or how he likely contracted the virus.

H9N2 circulates as a low-pathogenic virus in poultry in many parts of the world. China's mainland has reported five infections involving the virus this year.",264,the;h;n;a;in;s;virus;reported;case;child,avian flu;flu
code1040,https://www.kcci.com/article/west-nile-virus-iowa-mosquitos-test-positive-des-moines-no-human-pet-cases/61085361,,,,,,0,,
code1041,https://www.khaama.com/world-health-organization-congo-fever-increases-in-afghanistan/#google_vignette,www.khaama.com,Unknown,en,World Health Organization: Congo fever increases in Afghanistan,"The World Health Organization has warned that cases of Congo fever have increased among Afghan citizens ahead of the Eid al-Adha holiday.

The World Health Organization in Afghanistan issued a warning on Thursday, June 13, stating that Crimean-Congo hemorrhagic fever, which spreads from animals to humans, has seen a rise in Afghanistan.

Mohammad Omar Mashal, a WHO official, urged citizens to observe health protocols during the Eid festivities and animal sacrifices.

Symptoms of this severe fever include vomiting, severe headache, muscle pain, and redness.

However, some citizens speaking to reporters believe that the authorities should focus on establishing designated slaughterhouses in Kabul.

Naematullah Barakzai, a spokesman for Kabul Municipality, told reporters that the department has identified eight locations in Kabul city for animal sacrifices.

The lack of adequate medical equipment, experts and facilities in Afghanistan has been exacerbated since the Taliban took control of the country. Many hospitals face critical shortages of essential supplies, hindering their ability to treat patients effectively.

The collapse of the public health system has left millions of Afghans without access to basic medical care. Routine medical services have been disrupted, leading to increased risks of preventable diseases and untreated health conditions.",196,the;of;to;health;has;in;that;a;and;fever,fever
code1042,https://www.alkhaleej.ae/2024-06-14/%D8%B1%D8%B5%D8%AF-%D8%A5%D9%86%D9%81%D9%84%D9%88%D9%86%D8%B2%D8%A7-%D8%A7%D9%84%D8%B7%D9%8A%D9%88%D8%B1-%D9%81%D9%8A-%D9%85%D8%B2%D8%B1%D8%B9%D8%A9-%D9%84%D9%84%D8%A8%D8%B7-%D8%A8%D8%A3%D8%B3%D8%AA%D8%B1%D8%A7%D9%84%D9%8A%D8%A7/%D8%A7%D9%84%D8%B9%D8%A7%D9%84%D9%85/%D8%B3%D9%8A%D8%A7%D8%B3%D8%A9,,,,,,0,,
code1043,https://thehorse.com/1128445/6-ontario-horses-test-positive-for-strangles/,,,,,,0,,
code1044,Facebook,,,,,,0,,
code1045,Facebook,,,,,,0,,
code1046,https://www.libyaakhbar.com/libya-news/2394731.html,www.libyaakhbar.com,Unknown,ar,البدري: حالات النفوق بين الأبقار بسبب مرض الجلد العقدي مستمرة,"ليبيا – أكد مدير مكتب الصحة الحيوانية بمدينة مصراتة سالم البدري،عدم تسجيل أي حالات إصابة بالحمى القلاعية بين الأضاحي في مصراتة بعد الجولات التفتيشية التي استهدفت أماكن بيع الأغنام في المدينة.

البدري وفي تصريحات خاصة لمنصة “صفر”، قال:” على الرغم من قلة الأغنام المستوردة في المدينة، لم نسجل أي حالات إصابة بينها كذلك، لأنها تمر بمرحلة حجر قبل عملية عرضها في الأسواق وبيعها”.

ونبه إلى أن حالات النفوق بين الأبقار بسبب مرض الجلد العقدي مستمرة، ويوميا تسجل في مراكز الصحة الحيوانية بمدينة مصراتة.

وتابع البدري حديثه:” لم تلق مناشداتنا بتوفير اللقاح اللازم أي تجاوب من قبل الحكومة، منذ أن تم اكتشاف الحالات الأولى من المرض في منطقة طمينة”.

كما أكد أن حظائر بالكامل أقفلت بسبب نسبة النفوق العالية بين الأبقار، حيث نفقت 2000 بقرة حلوب فضلا عن العجول الصغيرة.

وأوضح أن عدم استجابة المسؤولين ساهم في تعميق الأزمة، حيث كان هناك فرصة لإنقاذ الوضع في حال لاقت مناشداتهم السابقة آذانا صاغية كون تحذيراتهم كانت قبل وقوع الكارثة وتوسعها.",158,,
code1047,https://www.timesofisrael.com/7-hospitalized-in-tel-aviv-area-with-west-nile-fever-2-in-serious-condition/,,,,,,0,,
code1048,https://en.sggp.org.vn/vietnam-reports-more-cases-of-meningococcal-disease-japanese-encephalitis-post110632.html,en.sggp.org.vn,Unknown,en,"Vietnam reports more cases of Meningococcal disease, Japanese encephalitis","Meningococcal disease and Japanese encephalitis occur throughout the year; however, the incidence is highest in summer. Localities countrywide have reported more cases of Meningococcal disease and Japanese encephalitis.

Parents should take their children to get booster shoots against meningitis and apanese encephalitis

Worse, not only children but adults are at increased risk of meningitis as the bacteria that causes meningitis are transmitted from person to person through droplets of respiratory or throat secretions from carriers. Moreover, the disease symptoms can be mistaken for other illnesses like flu or common cold, which unfortunately can lead to delayed diagnosis and treatment

Children should get booster dose of Meningococcal disease, Japanese encephalitis

Hanoi recorded the first case of Japanese encephalitis (JE) in 2024. The patient is a 12-year-old boy from Phuc Tho District who was hospitalized with a high fever, headache, stiff neck, and unsteady gait. Medical workers at Hanoi-based National Children's Hospital carried out tests on his cerebrospinal fluid which was positive for the Japanese encephalitis virus.

An epidemiological investigation revealed that the boy had received four doses of the Japanese encephalitis vaccine, with the last dose in June 2019.

Dr. Dao Huu Nam, Head of the Intensive Care Department at the National Children's Hospital's Tropical Disease Center, said that children typically need a booster dose of the Japanese encephalitis vaccine every 3-5 years until they are 16 years old, after receiving three doses in the first two years of life. However, the booster dose coverage rate is low due to complacency or forgetfulness among many families.

Most children with Japanese encephalitis who are hospitalized are in very serious condition, with high fever, seizures, and coma. If detected and treated late, it can cause brain damage, irreversible damage leading to sequelae of mental disorders, paralysis, language disorders, seizures, epilepsy, Dr. Dao Huu Nam warned.

Meanwhile, since the beginning of June, Phu Tho Province has seen dozens of children with meningitis. The number of cases has increased fivefold compared to the same period in 2023. Meningococcal transmission and disease outbreaks have also been linked to environmental conditions including changes in humidity, creating favorable conditions for viruses and bacteria to thrive and attack, especially young children.

At the same time, Children's Hospital 1 in Ho Chi Minh City is treating a 9-year-old boy from the Mekong Delta Province of Dong Thap with Japanese encephalitis. The patient is still on a ventilator and his medical record shows that he has not got the vaccine against the disease.

In addition, Children's Hospital 1 in Ho Chi Minh City is also monitoring four cases of encephalitis with unknown etiology. According to Dr. Du Tuan Quy, Head of the Department of Neuroinfections at Children's Hospital 1, mosquitoes are strongly breeding in rural areas because the harvest season is over. Japanese encephalitis is a disease transmitted by the Culex mosquito (rice field mosquito), so people who have not been vaccinated or do not has prevention measures against mosquito bites are highly likely to get the disease.

Risk of serious sequelae

Recently, an outbreak of meningococcal meningitis in a family was recorded in Na Lau village in My Phuong Commune of Bac Kan Province's Ba Be District; as a consequence, four were taken to local hospitals. Ba Be District Health Center conducted an epidemiological investigation and determined that more than 350 people in the locality had been in contact with the infected cases, and the risk of the outbreak spreading widely was very high without proper medical measures.

According to Dr. Do Thien Hai, Deputy Director of the Tropical Disease Center in the National Children's Hospital, meningitis and Japanese encephalitis are diseases with high mortality and sequelae rates in young children. The disease can occur at any age, but is most common in children aged 2-8 years with an incubation period of 4-14 days, with an average of 1 week. Children usually experience the initial symptoms such as abdominal pain and vomiting. Within 1-2 days, the patient develops a stiff neck, increased muscle tone, and motor disturbances; confusion or loss of consciousness may occur.

Although meningitis and Japanese encephalitis are fatal disease, patients can be cured if they receive timely treatment. Therefore, when a child experiences neck stiffness, fever, confusion or altered mental status, headaches, nausea and vomiting, parents should take their children to medical establishments for timely treatment, said Dr. Do Thien Hai.

The best way to prevent Japanese encephalitis and Meningitis is to prevent mosquito bites, get vaccinated, and practice good hygiene by frequently washing hands with soaps and gargling and rinsing mouth and throat with common nasal and throat. Meningitis can be caused by several species of bacteria, viruses, fungi and parasites. Bacterial meningitis is the most common dangerous type of meningitis and can be fatal within 24 hours. About 20-25 percent of patients with bacterial meningitis die despite prompt treatment. Worse, 15 percent of patients die often within 24 to 48 hours of symptom onset.

Soon after a person is detected to have Japanese encephalitis and Meningitis, they should inform medical institutions.

By staff writers - Translated by Anh Quan",844,the;of;and;in;children;to;encephalitis;japanese;with;meningitis,fever;flu
code1049,https://www.ftboa.com/strangles-confirmed-in-lake-county-3,www.ftboa.com,Unknown,en,Strangles Confirmed in Lake County,"According to the Equine Disease Communication Center and the Florida Department of Agriculture and Consumer Services, a private facility in Lake County in Florida is under official quarantine as of June 14 due a horse testing positive for strangles.

Only the animals under quarantine have additional travel restrictions. The horse under quarantine is not allowed to leave the premises.

One Quarter Horse mare had an onset of clinical signs of a draining abscess on June 6. There are 13 other horses at the facility that have been exposed.

This is the 29th confirmed cases of strangles in Florida in 2024.

The incubation period is between three to 14 days according to the EDCC.

Also known as Strep Equi, Strangles is a highly infectious bacterial infection that is spread from horse to horse through direct contact and by coming into contact with a contaminated surface. It is common and most horses are exposed and/or infected at a young age.

For more information about strangles click here .

Eastern Equine Encephalitis Confirmed in Highlands County

According to the Equine Disease Communication Center and the Florida Department of Agriculture and Consumer Services, a new case of Eastern Equine Encephalitis was confirmed at a private facility in Highlands County, Fla., on June 14. However, no quarantine has been issued.

Only the animals under quarantine have additional travel restrictions. The horse under quarantine is not allowed to leave the premises.

One 10-year-old stallion at a private facility in Higlands County was confirmed with EEE after showing cerebral signs of depression, elevated temperature, incoordination and aimless wandering. The unvaccinated stallion is affected and alive.

This is the 11th confirmed case of EEE in Florida in 2024.

According to the Equine Disease Communication Center, eastern equine encephalitis is a vector borne disease. This virus is transmitted by mosquitoes or other biting insects. Birds act as reservoirs for the virus; mosquitoes and other biting insects then carry the pathogen from infected birds and transmit it to horses when they bite. A horse affected with EEE is not contagious and poses no risk to other horses, humans or birds.

The disease is severe with a mortality rate of 75% – 95% and the onset of neurologic disease is frequently sudden and progressive.

If you have any further questions or concerns, please contact your veterinarian or click here.

Return to the June 15 issue of Wire to Wire",398,the;is;and;to;of;a;in;horse;equine;disease,
